CREATE DATABASE  IF NOT EXISTS `prekyboscentras` /*!40100 DEFAULT CHARACTER SET utf8mb4 COLLATE utf8mb4_0900_ai_ci */;
USE `prekyboscentras`;
-- MySQL dump 10.13  Distrib 8.0.15, for Win64 (x86_64)
--
-- Host: localhost    Database: prekyboscentras
-- ------------------------------------------------------
-- Server version	8.0.15

/*!40101 SET @OLD_CHARACTER_SET_CLIENT=@@CHARACTER_SET_CLIENT */;
/*!40101 SET @OLD_CHARACTER_SET_RESULTS=@@CHARACTER_SET_RESULTS */;
/*!40101 SET @OLD_COLLATION_CONNECTION=@@COLLATION_CONNECTION */;
 SET NAMES utf8 ;
/*!40103 SET @OLD_TIME_ZONE=@@TIME_ZONE */;
/*!40103 SET TIME_ZONE='+00:00' */;
/*!40014 SET @OLD_UNIQUE_CHECKS=@@UNIQUE_CHECKS, UNIQUE_CHECKS=0 */;
/*!40014 SET @OLD_FOREIGN_KEY_CHECKS=@@FOREIGN_KEY_CHECKS, FOREIGN_KEY_CHECKS=0 */;
/*!40101 SET @OLD_SQL_MODE=@@SQL_MODE, SQL_MODE='NO_AUTO_VALUE_ON_ZERO' */;
/*!40111 SET @OLD_SQL_NOTES=@@SQL_NOTES, SQL_NOTES=0 */;

--
-- Table structure for table `kasininkai`
--

DROP TABLE IF EXISTS `kasininkai`;
/*!40101 SET @saved_cs_client     = @@character_set_client */;
 SET character_set_client = utf8mb4 ;
CREATE TABLE `kasininkai` (
  `KasininkoId` int(11) NOT NULL AUTO_INCREMENT,
  `KasininkoNumeris` int(11) DEFAULT NULL,
  PRIMARY KEY (`KasininkoId`)
) ENGINE=InnoDB AUTO_INCREMENT=6 DEFAULT CHARSET=utf8mb4 COLLATE=utf8mb4_0900_ai_ci;
/*!40101 SET character_set_client = @saved_cs_client */;

--
-- Dumping data for table `kasininkai`
--

LOCK TABLES `kasininkai` WRITE;
/*!40000 ALTER TABLE `kasininkai` DISABLE KEYS */;
INSERT INTO `kasininkai` VALUES (1,11),(2,22),(4,44),(5,55);
/*!40000 ALTER TABLE `kasininkai` ENABLE KEYS */;
UNLOCK TABLES;

--
-- Table structure for table `kasos`
--

DROP TABLE IF EXISTS `kasos`;
/*!40101 SET @saved_cs_client     = @@character_set_client */;
 SET character_set_client = utf8mb4 ;
CREATE TABLE `kasos` (
  `KasosId` int(11) NOT NULL AUTO_INCREMENT,
  `ParduotuvesId` int(11) DEFAULT NULL,
  `KasosNumeris` varchar(10) DEFAULT NULL,
  PRIMARY KEY (`KasosId`),
  KEY `ParduotuvesId` (`ParduotuvesId`),
  CONSTRAINT `FK_Parduotuves_ParduotuvesId` FOREIGN KEY (`ParduotuvesId`) REFERENCES `parduotuves` (`ParduotuvesId`) ON DELETE CASCADE
) ENGINE=InnoDB AUTO_INCREMENT=8 DEFAULT CHARSET=utf8mb4 COLLATE=utf8mb4_0900_ai_ci;
/*!40101 SET character_set_client = @saved_cs_client */;

--
-- Dumping data for table `kasos`
--

LOCK TABLES `kasos` WRITE;
/*!40000 ALTER TABLE `kasos` DISABLE KEYS */;
INSERT INTO `kasos` VALUES (1,10,'Pirma kasa'),(3,8,'trecia'),(4,9,'Ketv'),(5,8,'p');
/*!40000 ALTER TABLE `kasos` ENABLE KEYS */;
UNLOCK TABLES;

--
-- Table structure for table `kasoskasininkai`
--

DROP TABLE IF EXISTS `kasoskasininkai`;
/*!40101 SET @saved_cs_client     = @@character_set_client */;
 SET character_set_client = utf8mb4 ;
CREATE TABLE `kasoskasininkai` (
  `KasosKasininkoId` int(11) NOT NULL AUTO_INCREMENT,
  `KasininkoId` int(11) DEFAULT NULL,
  `KasosId` int(11) DEFAULT NULL,
  PRIMARY KEY (`KasosKasininkoId`),
  KEY `FK_Kasos_KasosId` (`KasosId`),
  KEY `FK_Kasininkai_KasininkoId` (`KasininkoId`),
  CONSTRAINT `FK_Kasininkai_kasininkoId` FOREIGN KEY (`KasininkoId`) REFERENCES `kasininkai` (`KasininkoId`) ON DELETE SET NULL,
  CONSTRAINT `FK_kasos_kasosId` FOREIGN KEY (`KasosId`) REFERENCES `kasos` (`KasosId`) ON DELETE SET NULL
) ENGINE=InnoDB AUTO_INCREMENT=6 DEFAULT CHARSET=utf8mb4 COLLATE=utf8mb4_0900_ai_ci;
/*!40101 SET character_set_client = @saved_cs_client */;

--
-- Dumping data for table `kasoskasininkai`
--

LOCK TABLES `kasoskasininkai` WRITE;
/*!40000 ALTER TABLE `kasoskasininkai` DISABLE KEYS */;
INSERT INTO `kasoskasininkai` VALUES (1,1,NULL),(2,1,3),(3,4,NULL),(4,5,4),(5,NULL,5);
/*!40000 ALTER TABLE `kasoskasininkai` ENABLE KEYS */;
UNLOCK TABLES;

--
-- Table structure for table `parduotuves`
--

DROP TABLE IF EXISTS `parduotuves`;
/*!40101 SET @saved_cs_client     = @@character_set_client */;
 SET character_set_client = utf8mb4 ;
CREATE TABLE `parduotuves` (
  `ParduotuvesId` int(11) NOT NULL AUTO_INCREMENT,
  `Miestas` varchar(200) DEFAULT NULL,
  `Adresas` varchar(250) DEFAULT NULL,
  PRIMARY KEY (`ParduotuvesId`)
) ENGINE=InnoDB AUTO_INCREMENT=20 DEFAULT CHARSET=utf8mb4 COLLATE=utf8mb4_0900_ai_ci;
/*!40101 SET character_set_client = @saved_cs_client */;

--
-- Dumping data for table `parduotuves`
--

LOCK TABLES `parduotuves` WRITE;
/*!40000 ALTER TABLE `parduotuves` DISABLE KEYS */;
INSERT INTO `parduotuves` VALUES (1,'Kaunas','Plento'),(2,NULL,'Ukmerges'),(4,'Kaunas','Testine gatve 2'),(5,'Panevezys','Testine gatve 3'),(6,'Klaipeda','Testine gatve 4'),(8,'Vilnius','ta salia'),(9,'Vilnius','ta toliau'),(10,'Vilnius','ta dar toliau'),(11,'Kaunas','ta kitam mieste'),(15,'Kazkur pasieny','Testine g. 16'),(16,'Kazkur pasieny','Testine g. 16c'),(17,'Kazkur pasieny','Testine g. 19'),(18,'Kazkur pasieny','Testine g. 11'),(19,'kalabibiskes','aibes32');
/*!40000 ALTER TABLE `parduotuves` ENABLE KEYS */;
UNLOCK TABLES;

--
-- Table structure for table `temp_parduotuves`
--

DROP TABLE IF EXISTS `temp_parduotuves`;
/*!40101 SET @saved_cs_client     = @@character_set_client */;
 SET character_set_client = utf8mb4 ;
CREATE TABLE `temp_parduotuves` (
  `Miestas` varchar(500) DEFAULT NULL,
  `Adresas` varchar(500) DEFAULT NULL
) ENGINE=InnoDB DEFAULT CHARSET=utf8mb4 COLLATE=utf8mb4_0900_ai_ci;
/*!40101 SET character_set_client = @saved_cs_client */;

--
-- Dumping data for table `temp_parduotuves`
--

LOCK TABLES `temp_parduotuves` WRITE;
/*!40000 ALTER TABLE `temp_parduotuves` DISABLE KEYS */;
INSERT INTO `temp_parduotuves` VALUES ('Vilnius','ta salia'),('Vilnius','ta toliau'),('Vilnius','ta dar toliau'),('Kaunas','ta kitam mieste');
/*!40000 ALTER TABLE `temp_parduotuves` ENABLE KEYS */;
UNLOCK TABLES;

--
-- Dumping events for database 'prekyboscentras'
--

--
-- Dumping routines for database 'prekyboscentras'
--
/*!50003 DROP PROCEDURE IF EXISTS `GaukPardPagalMiesta` */;
/*!50003 SET @saved_cs_client      = @@character_set_client */ ;
/*!50003 SET @saved_cs_results     = @@character_set_results */ ;
/*!50003 SET @saved_col_connection = @@collation_connection */ ;
/*!50003 SET character_set_client  = utf8mb4 */ ;
/*!50003 SET character_set_results = utf8mb4 */ ;
/*!50003 SET collation_connection  = utf8mb4_0900_ai_ci */ ;
/*!50003 SET @saved_sql_mode       = @@sql_mode */ ;
/*!50003 SET sql_mode              = 'STRICT_TRANS_TABLES,NO_ENGINE_SUBSTITUTION' */ ;
DELIMITER ;;
CREATE DEFINER=`root`@`localhost` PROCEDURE `GaukPardPagalMiesta`(
	IN InMiestas varchar(200)
)
Begin 
	Select * from parduotuves
    where inMiestas is null OR Miestas = InMiestas;
End ;;
DELIMITER ;
/*!50003 SET sql_mode              = @saved_sql_mode */ ;
/*!50003 SET character_set_client  = @saved_cs_client */ ;
/*!50003 SET character_set_results = @saved_cs_results */ ;
/*!50003 SET collation_connection  = @saved_col_connection */ ;
/*!50003 DROP PROCEDURE IF EXISTS `SukurkPard` */;
/*!50003 SET @saved_cs_client      = @@character_set_client */ ;
/*!50003 SET @saved_cs_results     = @@character_set_results */ ;
/*!50003 SET @saved_col_connection = @@collation_connection */ ;
/*!50003 SET character_set_client  = utf8mb4 */ ;
/*!50003 SET character_set_results = utf8mb4 */ ;
/*!50003 SET collation_connection  = utf8mb4_0900_ai_ci */ ;
/*!50003 SET @saved_sql_mode       = @@sql_mode */ ;
/*!50003 SET sql_mode              = 'STRICT_TRANS_TABLES,NO_ENGINE_SUBSTITUTION' */ ;
DELIMITER ;;
CREATE DEFINER=`root`@`localhost` PROCEDURE `SukurkPard`(
	IN InMiestas varchar(200),
    IN InAdresas varchar(250)
)
Begin 
	Insert into parduotuves (Miestas,Adresas)
    values (InMiestas, InAdresas);
End ;;
DELIMITER ;
/*!50003 SET sql_mode              = @saved_sql_mode */ ;
/*!50003 SET character_set_client  = @saved_cs_client */ ;
/*!50003 SET character_set_results = @saved_cs_results */ ;
/*!50003 SET collation_connection  = @saved_col_connection */ ;
/*!40103 SET TIME_ZONE=@OLD_TIME_ZONE */;

/*!40101 SET SQL_MODE=@OLD_SQL_MODE */;
/*!40014 SET FOREIGN_KEY_CHECKS=@OLD_FOREIGN_KEY_CHECKS */;
/*!40014 SET UNIQUE_CHECKS=@OLD_UNIQUE_CHECKS */;
/*!40101 SET CHARACTER_SET_CLIENT=@OLD_CHARACTER_SET_CLIENT */;
/*!40101 SET CHARACTER_SET_RESULTS=@OLD_CHARACTER_SET_RESULTS */;
/*!40101 SET COLLATION_CONNECTION=@OLD_COLLATION_CONNECTION */;
/*!40111 SET SQL_NOTES=@OLD_SQL_NOTES */;

-- Dump completed on 2019-10-12 14:44:17
